"","x"
"1",Feb 2008
"2",May 2007
"3",Sep 2008
"4",Feb 2006
"5",Dec 2008
"6",Oct 2009
"7",Aug 2007
"8",Nov 2009
"9",Apr 2008
"10",Jan 2008
"11",Feb 2008
"12",Jul 2006
"13",Sep 2008
"14",Aug 2007
"15",May 2008
"16",Jul 2007
"17",Mar 2010
"18",Oct 2006
"19",Jun 2008
"20",May 2009
"21",Nov 2006
"22",Jun 2007
"23",Sep 2008
"24",Jun 2007
"25",May 2010
"26",Jul 2009
"27",May 2010
"28",May 2010
"29",Dec 2006
"30",May 2008
"31",Jul 2008
"32",Jun 2008
"33",Jan 2008
"34",Apr 2010
"35",Aug 2007
"36",Sep 2006
"37",Jun 2009
"38",Oct 2009
"39",Jan 2010
"40",Jun 2008
"41",Dec 2006
"42",Jul 2007
"43",Dec 2007
"44",Jul 2008
"45",May 2006
"46",Feb 2010
"47",Aug 2009
"48",Jul 2007
"49",Jun 2009
"50",Jan 2007
"51",Jul 2007
"52",Sep 2006
"53",May 2010
"54",Nov 2006
"55",Feb 2007
"56",Jul 2008
"57",Aug 2009
"58",Aug 2006
"59",Oct 2006
"60",Jan 2008
"61",May 2006
"62",Mar 2007
"63",Oct 2007
"64",Apr 2010
"65",Feb 2009
"66",Oct 2007
"67",Jul 2010
"68",Jun 2007
"69",Jun 2010
"70",Jul 2006
"71",Feb 2007
"72",Jun 2007
"73",Dec 2009
"74",May 2010
"75",May 2010
"76",Nov 2009
"77",Apr 2008
"78",Jan 2008
"79",Apr 2010
"80",May 2009
"81",Jun 2009
"82",Mar 2006
"83",Oct 2008
"84",Jul 2007
"85",May 2009
"86",Apr 2006
"87",Mar 2009
"88",Jun 2009
"89",Oct 2009
"90",Aug 2007
"91",Jul 2006
"92",Dec 2006
"93",Aug 2009
"94",Nov 2007
"95",May 2007
"96",Apr 2009
"97",Aug 2006
"98",May 2007
"99",May 2010
"100",Jan 2010
"101",Feb 2010
"102",Jun 2010
"103",Jun 2009
"104",May 2010
"105",Jun 2007
"106",Aug 2008
"107",Aug 2007
"108",Apr 2008
"109",Aug 2007
"110",Jan 2010
"111",Oct 2006
"112",Apr 2010
"113",Oct 2007
"114",Oct 2007
"115",Jul 2007
"116",Jun 2007
"117",Sep 2009
"118",Apr 2007
"119",May 2010
"120",Jul 2006
"121",Oct 2006
"122",Jun 2007
"123",Jun 2008
"124",Mar 2008
"125",Jan 2009
"126",Jun 2006
"127",Feb 2007
"128",Jun 2007
"129",Jul 2006
"130",Jul 2006
"131",May 2006
"132",Jul 2009
"133",Jul 2007
"134",Jun 2009
"135",Jul 2006
"136",May 2008
"137",Jul 2007
"138",Jul 2006
"139",Dec 2008
"140",Aug 2009
"141",Apr 2010
"142",Jan 2006
"143",Jun 2010
"144",Jun 2009
"145",Nov 2006
"146",Apr 2006
"147",Nov 2009
"148",May 2010
"149",Apr 2008
"150",Apr 2006
"151",Jan 2007
"152",Jan 2008
"153",Jun 2006
"154",Mar 2008
"155",Mar 2006
"156",Apr 2008
"157",Jun 2006
"158",May 2010
"159",May 2010
"160",Mar 2006
"161",Jun 2008
"162",Mar 2008
"163",May 2010
"164",Apr 2007
"165",Oct 2007
"166",Sep 2008
"167",Nov 2009
"168",Nov 2007
"169",May 2007
"170",Jan 2006
"171",May 2007
"172",May 2010
"173",Jun 2006
"174",Jun 2008
"175",Nov 2008
"176",Jun 2007
"177",Sep 2007
"178",Jul 2006
"179",Jul 2009
"180",Jul 2007
"181",Jun 2007
"182",Jul 2006
"183",Jun 2007
"184",Jun 2008
"185",Jun 2006
"186",Jun 2006
"187",Jun 2009
"188",Aug 2009
"189",Jun 2009
"190",Aug 2008
"191",Dec 2007
"192",Jun 2007
"193",Sep 2009
"194",May 2006
"195",May 2008
"196",Jul 2009
"197",Sep 2007
"198",Mar 2006
"199",Jul 2009
"200",Jan 2009
"201",Mar 2010
"202",Feb 2008
"203",May 2006
"204",Jan 2008
"205",Apr 2009
"206",May 2009
"207",Mar 2007
"208",Apr 2008
"209",Apr 2007
"210",Jul 2008
"211",Apr 2008
"212",Mar 2010
"213",Jul 2009
"214",Jul 2006
"215",Mar 2010
"216",May 2006
"217",Apr 2008
"218",Sep 2006
"219",May 2008
"220",Mar 2006
"221",Apr 2006
"222",Dec 2009
"223",Feb 2006
"224",Mar 2009
"225",Jun 2009
"226",May 2009
"227",Jun 2007
"228",Sep 2008
"229",May 2010
"230",May 2009
"231",Apr 2010
"232",Jul 2009
"233",Jun 2006
"234",Feb 2010
"235",May 2010
"236",Aug 2008
"237",May 2010
"238",Feb 2010
"239",Dec 2007
"240",Apr 2010
"241",Apr 2010
"242",Aug 2007
"243",Apr 2006
"244",Apr 2009
"245",May 2010
"246",Jun 2006
"247",Apr 2006
"248",Jun 2006
"249",Sep 2007
"250",Jun 2007
"251",May 2010
"252",Dec 2007
"253",Dec 2008
"254",Oct 2007
"255",Jun 2010
"256",Feb 2006
"257",May 2008
"258",Mar 2009
"259",May 2008
"260",Dec 2008
"261",May 2009
"262",Nov 2007
"263",Jul 2006
"264",Apr 2010
"265",Jun 2008
"266",Jun 2008
"267",Jun 2006
"268",Jul 2008
"269",Feb 2008
"270",May 2007
"271",Aug 2006
"272",Apr 2008
"273",Apr 2010
"274",Apr 2009
"275",Jun 2007
"276",Oct 2009
"277",Apr 2010
"278",Jun 2010
"279",May 2007
"280",Mar 2008
"281",Jan 2007
"282",May 2006
"283",Apr 2009
"284",Dec 2009
"285",Jul 2007
"286",Jun 2007
"287",Jun 2006
"288",Jun 2006
"289",Feb 2010
"290",Jul 2007
"291",Jul 2006
"292",Mar 2008
"293",Jan 2009
"294",Mar 2006
"295",Oct 2009
"296",Mar 2006
"297",Jun 2007
"298",Jun 2007
"299",Jun 2007
"300",Aug 2009
"301",Jun 2006
"302",May 2007
"303",Jan 2006
"304",Jul 2006
"305",May 2008
"306",Jul 2007
"307",Jun 2007
"308",Mar 2008
"309",Mar 2009
"310",Nov 2006
"311",May 2006
"312",May 2009
"313",May 2006
"314",Jun 2009
"315",Aug 2006
"316",Jul 2009
"317",Aug 2009
"318",Dec 2007
"319",Apr 2009
"320",Jun 2009
"321",Sep 2006
"322",Jun 2007
"323",Aug 2007
"324",Jul 2006
"325",Jun 2010
"326",Dec 2007
"327",May 2008
"328",Apr 2006
"329",Jul 2009
"330",Jul 2009
"331",Nov 2007
"332",Aug 2007
"333",Oct 2009
"334",Jul 2008
"335",Jul 2008
"336",Aug 2008
"337",Jul 2007
"338",Dec 2008
"339",May 2006
"340",Jun 2009
"341",Apr 2010
"342",Sep 2009
"343",May 2006
"344",Jul 2008
"345",Apr 2010
"346",Oct 2006
"347",Apr 2007
"348",Dec 2009
"349",Oct 2008
"350",Apr 2006
"351",Dec 2007
"352",Dec 2006
"353",Mar 2008
"354",May 2010
"355",Jun 2006
"356",Aug 2007
"357",Jul 2009
"358",Aug 2007
"359",Jul 2006
"360",Jun 2006
"361",Jun 2007
"362",Jul 2008
"363",Jul 2009
"364",May 2009
"365",Jul 2006
"366",Jul 2009
"367",Jul 2009
"368",Dec 2008
"369",Mar 2010
"370",Mar 2010
"371",Jan 2006
"372",Jul 2008
"373",Feb 2010
"374",Nov 2009
"375",Jul 2007
"376",Mar 2009
"377",Jul 2006
"378",Dec 2007
"379",Jun 2010
"380",Jun 2009
"381",May 2010
"382",Aug 2006
"383",Apr 2007
"384",Oct 2009
"385",Jun 2007
"386",Apr 2010
"387",May 2006
"388",Oct 2009
"389",Jul 2008
"390",Aug 2008
"391",Apr 2008
"392",Jun 2009
"393",Jul 2007
"394",Apr 2006
"395",Jul 2007
"396",Jun 2010
"397",Sep 2009
"398",Jul 2007
"399",Nov 2007
"400",Oct 2009
"401",Dec 2008
"402",Jul 2006
"403",Aug 2008
"404",Jul 2006
"405",May 2007
"406",Jun 2009
"407",Mar 2008
"408",Mar 2008
"409",Aug 2007
"410",Apr 2008
"411",Jun 2009
"412",Jan 2006
"413",Jun 2010
"414",Mar 2010
"415",Dec 2008
"416",Aug 2007
"417",Mar 2006
"418",Nov 2007
"419",Apr 2007
"420",Jul 2010
"421",Nov 2008
"422",Jun 2009
"423",Feb 2008
"424",Jun 2008
"425",May 2008
"426",Sep 2009
"427",Aug 2009
"428",Jul 2008
"429",Sep 2007
"430",Mar 2009
"431",Jul 2008
"432",Sep 2008
"433",Aug 2007
"434",Jul 2008
"435",Jun 2008
"436",Apr 2009
"437",Oct 2006
"438",Jan 2009
"439",Mar 2007
"440",Aug 2009
"441",Apr 2009
"442",Sep 2008
"443",Jun 2008
"444",Jun 2007
"445",Jul 2008
"446",Nov 2009
"447",Jun 2010
"448",Jul 2006
"449",Jun 2006
"450",Jun 2007
"451",Jun 2006
"452",Dec 2006
"453",Jul 2007
"454",Jun 2009
"455",Jul 2006
"456",Sep 2007
"457",May 2008
"458",Mar 2008
"459",Jun 2008
"460",Jul 2009
"461",Dec 2009
"462",Apr 2009
"463",Dec 2009
"464",Aug 2008
"465",Aug 2009
"466",May 2006
"467",Apr 2007
"468",Jun 2007
"469",May 2007
"470",Jun 2008
"471",Jun 2010
"472",Nov 2007
"473",Jun 2008
"474",Jul 2007
"475",Aug 2007
"476",Jul 2007
"477",Apr 2008
"478",Mar 2007
"479",Sep 2009
"480",Mar 2007
"481",Mar 2006
"482",Aug 2006
"483",Jun 2009
"484",May 2006
"485",Mar 2007
"486",Jul 2009
"487",Jun 2007
"488",Feb 2007
"489",May 2006
"490",May 2009
"491",Jun 2008
"492",Aug 2006
"493",May 2006
"494",Jun 2008
"495",Dec 2009
"496",Nov 2009
"497",May 2007
"498",Jun 2008
"499",Jun 2009
"500",Jun 2007
"501",May 2007
"502",Feb 2008
"503",Apr 2007
"504",Mar 2010
"505",Jun 2009
"506",Jul 2009
"507",Sep 2006
"508",Sep 2009
"509",Oct 2008
"510",Jul 2009
"511",Jun 2009
"512",Mar 2006
"513",Jul 2006
"514",Jun 2007
"515",Jun 2007
"516",Sep 2009
"517",Aug 2009
"518",Jul 2009
"519",May 2007
"520",Jun 2009
"521",Aug 2008
"522",May 2007
"523",Oct 2006
"524",Oct 2007
"525",Aug 2007
"526",Apr 2006
"527",Jun 2007
"528",Nov 2008
"529",Jul 2007
"530",Mar 2007
"531",Aug 2008
"532",Jun 2008
"533",Apr 2010
"534",Jan 2007
"535",Oct 2006
"536",Jan 2008
"537",Jul 2008
"538",Apr 2008
"539",Jul 2006
"540",May 2010
"541",Mar 2009
"542",Jun 2007
"543",Jun 2009
"544",Jun 2007
"545",Sep 2006
"546",Feb 2006
"547",May 2007
"548",Apr 2007
"549",Jun 2008
"550",Nov 2009
"551",Oct 2008
"552",Jun 2008
"553",Jul 2009
"554",May 2009
"555",Aug 2008
"556",Aug 2006
"557",May 2006
"558",Sep 2006
"559",Aug 2008
"560",Oct 2006
"561",May 2010
"562",Apr 2006
"563",Jul 2008
"564",Jul 2008
"565",Jul 2006
"566",May 2010
"567",Jun 2008
"568",Mar 2010
"569",Sep 2009
"570",Dec 2006
"571",Nov 2008
"572",Oct 2006
"573",Jul 2009
"574",Dec 2007
"575",Dec 2007
"576",Oct 2008
"577",Aug 2009
"578",May 2006
"579",Feb 2008
"580",Nov 2008
"581",Jun 2007
"582",Aug 2009
"583",May 2007
"584",Jul 2008
"585",Jul 2009
"586",Mar 2006
"587",May 2008
"588",Jul 2009
"589",Jun 2009
"590",Aug 2008
"591",Sep 2008
"592",Jun 2009
"593",Jun 2008
"594",May 2009
"595",Apr 2008
"596",Aug 2006
"597",Oct 2006
"598",Feb 2007
"599",Mar 2006
"600",Jul 2008
"601",Jun 2006
"602",Dec 2007
"603",Feb 2006
"604",Jun 2010
"605",Sep 2008
"606",Oct 2009
"607",Nov 2009
"608",Aug 2006
"609",Sep 2007
"610",Apr 2007
"611",May 2009
"612",Jul 2007
"613",Nov 2009
"614",Dec 2007
"615",May 2010
"616",May 2010
"617",Jun 2006
"618",Jun 2008
"619",Jul 2007
"620",Aug 2008
"621",Sep 2008
"622",Jun 2008
"623",Jul 2009
"624",Jun 2007
"625",Nov 2006
"626",Feb 2010
"627",Aug 2007
"628",Mar 2010
"629",Sep 2007
"630",Jun 2008
"631",Jun 2006
"632",Aug 2007
"633",Apr 2009
"634",Jul 2007
"635",Jun 2010
"636",Mar 2007
"637",Jan 2009
"638",Nov 2009
"639",May 2008
"640",Oct 2006
"641",Apr 2008
"642",May 2007
"643",Jul 2009
"644",Apr 2007
"645",Oct 2009
"646",Mar 2007
"647",Jul 2008
"648",Jun 2008
"649",Jun 2010
"650",Dec 2007
"651",May 2008
"652",Oct 2009
"653",Jul 2009
"654",Jun 2008
"655",Aug 2008
"656",Mar 2010
"657",Aug 2008
"658",Feb 2008
"659",Jan 2010
"660",Mar 2009
"661",Nov 2007
"662",Jul 2009
"663",Jul 2009
"664",Apr 2008
"665",Jan 2006
"666",Nov 2006
"667",Aug 2007
"668",Oct 2008
"669",Nov 2006
"670",Jul 2006
"671",Feb 2009
"672",Jul 2009
"673",Jun 2006
"674",Jun 2007
"675",Jul 2008
"676",Apr 2009
"677",May 2006
"678",May 2009
"679",Jul 2009
"680",Oct 2007
"681",May 2010
"682",Jul 2009
"683",Nov 2008
"684",Jul 2007
"685",Jun 2010
"686",Sep 2007
"687",Aug 2007
"688",Mar 2007
"689",Oct 2007
"690",Jun 2007
"691",May 2008
"692",Jan 2007
"693",Apr 2006
"694",Dec 2006
"695",Apr 2009
"696",Jul 2006
"697",Jun 2006
"698",Sep 2006
"699",Apr 2010
"700",Jul 2008
"701",May 2006
"702",Jul 2006
"703",Jul 2006
"704",May 2010
"705",May 2010
"706",Jul 2010
"707",Jun 2007
"708",Dec 2009
"709",Jul 2007
"710",Dec 2008
"711",Jul 2008
"712",Jan 2010
"713",Oct 2008
"714",May 2006
"715",Mar 2010
"716",Aug 2009
"717",Jul 2007
"718",Nov 2008
"719",Aug 2008
"720",May 2006
"721",Dec 2006
"722",May 2010
"723",Jul 2009
"724",May 2008
"725",Feb 2009
"726",Nov 2009
"727",Dec 2009
"728",Feb 2009
"729",Jul 2009
"730",Jan 2009
"731",Mar 2010
"732",May 2007
"733",Jul 2008
"734",Mar 2009
"735",May 2007
"736",Oct 2006
"737",Jul 2006
"738",Jun 2006
"739",Mar 2009
"740",Apr 2009
"741",May 2007
"742",May 2008
"743",Dec 2007
"744",Oct 2009
"745",Oct 2008
"746",Jul 2008
"747",Apr 2009
"748",May 2009
"749",Mar 2010
"750",Apr 2009
"751",Jun 2010
"752",Aug 2007
"753",Jul 2006
"754",Mar 2006
"755",Jul 2009
"756",Mar 2009
"757",Apr 2009
"758",Apr 2010
"759",Aug 2008
"760",Nov 2007
"761",Oct 2009
"762",Oct 2009
"763",Jun 2010
"764",Jul 2009
"765",Apr 2006
"766",Aug 2008
"767",Mar 2010
"768",Jul 2008
"769",Oct 2006
"770",Jun 2010
"771",Apr 2009
"772",Apr 2006
"773",Mar 2010
"774",Jul 2007
"775",Jul 2007
"776",Jun 2009
"777",Jul 2006
"778",Jun 2006
"779",Oct 2007
"780",May 2006
"781",Jun 2007
"782",Jul 2006
"783",Jun 2009
"784",Jul 2009
"785",Jun 2008
"786",Sep 2009
"787",Jun 2010
"788",Jan 2010
"789",Aug 2008
"790",Jul 2007
"791",Sep 2009
"792",May 2007
"793",Jun 2007
"794",Jun 2007
"795",Oct 2008
"796",Apr 2010
"797",Apr 2007
"798",Apr 2008
"799",Jul 2009
"800",Jun 2007
"801",May 2008
"802",Jul 2007
"803",Oct 2008
"804",Jan 2009
"805",Jun 2006
"806",Jul 2008
"807",Oct 2006
"808",May 2009
"809",Jun 2006
"810",Nov 2009
"811",Jan 2006
"812",Jun 2008
"813",Jun 2010
"814",Apr 2007
"815",Jul 2006
"816",May 2010
"817",Jul 2006
"818",Jul 2008
"819",Jun 2010
"820",Jun 2010
"821",Jun 2008
"822",Feb 2009
"823",Oct 2007
"824",Jul 2009
"825",Jun 2006
"826",Jun 2008
"827",May 2008
"828",Apr 2009
"829",Jun 2009
"830",Jul 2006
"831",Jun 2008
"832",Jun 2006
"833",Jan 2010
"834",Feb 2009
"835",Sep 2008
"836",Feb 2010
"837",Jun 2007
"838",Nov 2008
"839",Jun 2008
"840",May 2008
"841",Mar 2008
"842",Jun 2008
"843",May 2008
"844",Jul 2007
"845",Jun 2008
"846",Jan 2007
"847",Jul 2009
"848",Aug 2009
"849",Sep 2008
"850",Aug 2007
"851",Nov 2007
"852",May 2006
"853",Aug 2007
"854",Aug 2009
"855",Jul 2006
"856",Apr 2010
"857",Oct 2008
"858",Mar 2009
"859",Jun 2009
"860",Aug 2006
"861",Jun 2007
"862",Apr 2010
"863",May 2010
"864",Jul 2009
"865",May 2008
"866",Aug 2009
"867",Nov 2007
"868",May 2007
"869",May 2006
"870",Jun 2010
"871",Aug 2009
"872",Jun 2010
"873",Oct 2008
"874",Sep 2009
"875",Aug 2009
"876",Aug 2007
"877",Jan 2007
"878",Jun 2009
"879",Jun 2010
"880",Jul 2009
"881",Jun 2007
"882",Apr 2007
"883",Dec 2009
"884",Mar 2006
"885",Jul 2009
"886",Jan 2008
"887",Jun 2006
"888",Apr 2008
"889",Oct 2007
"890",Feb 2009
"891",Jul 2007
"892",Jul 2009
"893",Feb 2006
"894",Jun 2008
"895",Jun 2009
"896",Oct 2008
"897",Apr 2006
"898",Jun 2009
"899",Mar 2010
"900",Jun 2006
"901",Jun 2007
"902",May 2009
"903",Jul 2006
"904",Aug 2006
"905",Aug 2007
"906",Feb 2010
"907",Jun 2007
"908",Jun 2006
"909",Jun 2006
"910",Jun 2009
"911",Jan 2010
"912",Oct 2009
"913",Jul 2006
"914",Aug 2007
"915",Jun 2009
"916",Jan 2007
"917",Oct 2006
"918",Apr 2009
"919",Nov 2007
"920",May 2008
"921",Jul 2007
"922",Sep 2008
"923",Oct 2006
"924",Jul 2008
"925",May 2006
"926",Mar 2008
"927",May 2007
"928",Apr 2008
"929",Jun 2009
"930",Nov 2006
"931",Jul 2009
"932",Jul 2009
"933",Mar 2007
"934",Aug 2009
"935",Nov 2008
"936",Jun 2006
"937",Aug 2009
"938",Feb 2009
"939",Aug 2006
"940",Jun 2010
"941",Jul 2006
"942",Jun 2009
"943",Aug 2007
"944",Jun 2007
"945",Jan 2009
"946",Sep 2009
"947",Mar 2006
"948",Nov 2007
"949",Feb 2006
"950",Mar 2010
"951",Jul 2007
"952",Jul 2006
"953",Apr 2009
"954",Sep 2008
"955",Oct 2006
"956",Aug 2007
"957",May 2009
"958",Apr 2007
"959",Oct 2007
"960",May 2010
"961",Feb 2010
"962",Jul 2008
"963",Jul 2007
"964",May 2009
"965",Feb 2010
"966",Jul 2007
"967",Jun 2009
"968",Jul 2008
"969",May 2009
"970",Mar 2006
"971",Dec 2006
"972",Jul 2009
"973",Apr 2010
"974",Dec 2008
"975",Oct 2009
"976",Apr 2006
"977",Aug 2006
"978",Nov 2007
"979",May 2007
"980",Jun 2009
"981",Jul 2008
"982",Jul 2009
"983",Mar 2008
"984",May 2008
"985",Aug 2009
"986",Aug 2008
"987",Jun 2006
"988",Apr 2010
"989",Jun 2007
"990",Aug 2006
"991",Jun 2006
"992",Nov 2009
"993",Jul 2007
"994",Aug 2006
"995",Jul 2009
"996",Aug 2006
"997",Jan 2006
"998",Feb 2009
"999",May 2006
"1000",Feb 2010
"1001",Jul 2009
"1002",Jan 2007
"1003",Jul 2008
"1004",Jun 2007
"1005",May 2009
"1006",Nov 2008
"1007",Mar 2007
"1008",Aug 2009
"1009",Apr 2009
"1010",Jun 2006
"1011",Aug 2008
"1012",May 2010
"1013",Aug 2007
"1014",Jun 2009
"1015",Nov 2007
"1016",Nov 2009
"1017",Jun 2009
"1018",Aug 2009
"1019",May 2007
"1020",Apr 2006
"1021",Jun 2008
"1022",Jul 2006
"1023",Mar 2007
"1024",May 2008
"1025",May 2008
"1026",Mar 2007
"1027",Apr 2010
"1028",Apr 2008
"1029",Apr 2007
"1030",May 2006
"1031",Jul 2006
"1032",Aug 2009
"1033",Nov 2006
"1034",Feb 2006
"1035",Jun 2007
"1036",Jan 2009
"1037",Sep 2009
"1038",Sep 2008
"1039",May 2009
"1040",Apr 2009
"1041",Jan 2006
"1042",Jul 2008
"1043",Aug 2009
"1044",May 2008
"1045",Jul 2009
"1046",Jun 2009
"1047",Jul 2006
"1048",Feb 2008
"1049",Nov 2009
"1050",Apr 2010
"1051",Aug 2007
"1052",Oct 2007
"1053",Jun 2007
"1054",May 2010
"1055",Nov 2006
"1056",May 2008
"1057",Jun 2006
"1058",Jan 2009
"1059",Jul 2009
"1060",Mar 2007
"1061",Apr 2010
"1062",Aug 2008
"1063",Sep 2007
"1064",Jul 2006
"1065",Nov 2009
"1066",Apr 2010
"1067",May 2009
"1068",Jun 2008
"1069",Jun 2006
"1070",May 2007
"1071",Jun 2007
"1072",May 2009
"1073",Aug 2006
"1074",Jul 2009
"1075",May 2007
"1076",Jul 2007
"1077",Apr 2006
"1078",Mar 2006
"1079",May 2006
"1080",Apr 2007
"1081",Oct 2008
"1082",Jun 2010
"1083",Sep 2007
"1084",Mar 2006
"1085",Jul 2006
"1086",Apr 2010
"1087",May 2010
"1088",May 2009
"1089",Apr 2006
"1090",Apr 2006
"1091",Jun 2009
"1092",Mar 2008
"1093",Jun 2008
"1094",Oct 2006
"1095",May 2010
"1096",Mar 2007
"1097",Mar 2007
"1098",Oct 2007
"1099",Jul 2009
"1100",Apr 2009
"1101",Jan 2009
"1102",Jul 2007
"1103",Apr 2007
"1104",Jul 2006
"1105",Apr 2007
"1106",Apr 2010
"1107",May 2007
"1108",Sep 2006
"1109",Nov 2007
"1110",Mar 2009
"1111",Jun 2008
"1112",Sep 2008
"1113",Jul 2006
"1114",May 2007
"1115",Aug 2006
"1116",Nov 2007
"1117",Mar 2009
"1118",May 2008
"1119",Dec 2008
"1120",Jul 2006
"1121",May 2007
"1122",Jul 2006
"1123",Oct 2009
"1124",Jun 2009
"1125",Jul 2007
"1126",Nov 2009
"1127",Jun 2009
"1128",Nov 2007
"1129",Jul 2007
"1130",Aug 2007
"1131",Dec 2009
"1132",Sep 2007
"1133",May 2007
"1134",Jun 2009
"1135",Aug 2007
"1136",May 2007
"1137",Apr 2008
"1138",May 2010
"1139",May 2009
"1140",May 2007
"1141",Jun 2008
"1142",Oct 2009
"1143",Apr 2007
"1144",Jul 2008
"1145",Jul 2010
"1146",Aug 2006
"1147",May 2006
"1148",Jul 2009
"1149",Aug 2008
"1150",Jul 2009
"1151",Nov 2007
"1152",Nov 2006
"1153",Jul 2006
"1154",Jun 2008
"1155",May 2008
"1156",Jul 2007
"1157",Oct 2008
"1158",Jul 2009
"1159",Jun 2008
"1160",Jul 2008
"1161",Jul 2010
"1162",Nov 2008
"1163",May 2007
"1164",Jan 2008
"1165",Jun 2007
"1166",Sep 2009
"1167",Feb 2010
"1168",Feb 2006
"1169",Jul 2008
"1170",Jul 2006
"1171",Jul 2008
"1172",Nov 2008
"1173",Mar 2008
"1174",Mar 2007
"1175",Jul 2006
"1176",Apr 2007
"1177",Oct 2008
"1178",Dec 2009
"1179",Jul 2009
"1180",Apr 2006
"1181",Apr 2006
"1182",Nov 2008
"1183",Jul 2007
"1184",Jun 2006
"1185",May 2007
"1186",Mar 2006
"1187",Aug 2009
"1188",Jul 2006
"1189",Jul 2009
"1190",Jun 2010
"1191",Mar 2007
"1192",Nov 2007
"1193",Jul 2007
"1194",Jun 2009
"1195",Mar 2010
"1196",Jul 2008
"1197",Nov 2006
"1198",Jul 2006
"1199",Jun 2009
"1200",Oct 2006
"1201",Jul 2006
"1202",Mar 2009
"1203",May 2009
"1204",Oct 2009
"1205",Jul 2006
"1206",Jun 2009
"1207",Nov 2006
"1208",May 2006
"1209",Oct 2008
"1210",May 2006
"1211",May 2010
"1212",Jun 2010
"1213",Aug 2009
"1214",May 2006
"1215",May 2006
"1216",May 2007
"1217",Apr 2010
"1218",Sep 2009
"1219",Jul 2006
"1220",Apr 2006
"1221",Nov 2006
"1222",Aug 2008
"1223",Jan 2007
"1224",Oct 2006
"1225",Feb 2008
"1226",Jun 2007
"1227",Jan 2008
"1228",Dec 2008
"1229",Oct 2008
"1230",Aug 2008
"1231",Aug 2007
"1232",May 2006
"1233",Mar 2007
"1234",May 2010
"1235",Nov 2008
"1236",Jul 2006
"1237",Jun 2010
"1238",Sep 2006
"1239",Mar 2006
"1240",Dec 2007
"1241",Jul 2008
"1242",Jun 2007
"1243",Jan 2010
"1244",Sep 2006
"1245",Jun 2006
"1246",Jan 2007
"1247",Mar 2006
"1248",May 2010
"1249",Apr 2008
"1250",May 2007
"1251",Apr 2010
"1252",Mar 2006
"1253",Nov 2009
"1254",Jul 2007
"1255",Jul 2008
"1256",Nov 2007
"1257",Aug 2008
"1258",Jul 2009
"1259",Jul 2008
"1260",Jul 2008
"1261",Jun 2009
"1262",Jun 2009
"1263",Nov 2009
"1264",Jul 2007
"1265",Aug 2008
"1266",Mar 2006
"1267",Jan 2007
"1268",May 2010
"1269",May 2008
"1270",Jul 2007
"1271",Apr 2010
"1272",Aug 2009
"1273",Nov 2006
"1274",May 2008
"1275",Nov 2007
"1276",Jul 2007
"1277",Dec 2009
"1278",Jun 2009
"1279",Mar 2008
"1280",Apr 2010
"1281",Mar 2009
"1282",Jul 2006
"1283",Sep 2009
"1284",Apr 2010
"1285",Mar 2010
"1286",May 2009
"1287",Jun 2010
"1288",Jun 2006
"1289",Oct 2009
"1290",Oct 2006
"1291",Apr 2010
"1292",Feb 2009
"1293",Dec 2009
"1294",Mar 2006
"1295",Apr 2006
"1296",Nov 2006
"1297",Dec 2008
"1298",Jun 2006
"1299",Jan 2008
"1300",May 2010
"1301",May 2009
"1302",Nov 2009
"1303",Dec 2006
"1304",Apr 2006
"1305",Apr 2006
"1306",Nov 2009
"1307",Sep 2006
"1308",May 2009
"1309",May 2008
"1310",Jun 2008
"1311",May 2010
"1312",Jan 2007
"1313",Jun 2007
"1314",May 2010
"1315",Oct 2007
"1316",Jun 2008
"1317",Jan 2009
"1318",Apr 2007
"1319",Aug 2006
"1320",Feb 2007
"1321",Jun 2009
"1322",Jul 2008
"1323",Jun 2010
"1324",Dec 2009
"1325",Feb 2007
"1326",Jan 2008
"1327",May 2007
"1328",Oct 2008
"1329",Jun 2008
"1330",Jun 2006
"1331",Dec 2007
"1332",Jul 2006
"1333",May 2009
"1334",Jul 2006
"1335",May 2009
"1336",Apr 2009
"1337",Nov 2008
"1338",Mar 2006
"1339",Jun 2006
"1340",Jun 2006
"1341",Jun 2007
"1342",Jul 2008
"1343",Aug 2007
"1344",Mar 2009
"1345",Jul 2007
"1346",Jul 2007
"1347",Jun 2006
"1348",May 2007
"1349",Aug 2007
"1350",Dec 2008
"1351",Aug 2009
"1352",Mar 2008
"1353",Jul 2009
"1354",Mar 2010
"1355",Jun 2008
"1356",Sep 2006
"1357",Oct 2008
"1358",Apr 2010
"1359",Jun 2010
"1360",Sep 2006
"1361",May 2008
"1362",Jun 2009
"1363",Jun 2009
"1364",Mar 2007
"1365",Apr 2006
"1366",Jan 2010
"1367",Jun 2008
"1368",Jul 2006
"1369",Jun 2009
"1370",May 2010
"1371",Oct 2009
"1372",Oct 2008
"1373",Jun 2006
"1374",Mar 2007
"1375",Jul 2008
"1376",Dec 2007
"1377",Apr 2008
"1378",Jul 2009
"1379",Jun 2006
"1380",May 2008
"1381",Jun 2010
"1382",May 2008
"1383",Oct 2006
"1384",Aug 2007
"1385",Oct 2009
"1386",May 2010
"1387",Jul 2006
"1388",Aug 2007
"1389",Oct 2009
"1390",Mar 2007
"1391",Sep 2006
"1392",Apr 2009
"1393",Dec 2006
"1394",Apr 2008
"1395",Oct 2006
"1396",Feb 2007
"1397",Jun 2010
"1398",May 2007
"1399",May 2009
"1400",Oct 2009
"1401",Jul 2008
"1402",Apr 2008
"1403",Jul 2006
"1404",Aug 2007
"1405",Jan 2006
"1406",Jan 2008
"1407",Mar 2009
"1408",Mar 2009
"1409",Jun 2010
"1410",Nov 2008
"1411",Jun 2009
"1412",Sep 2009
"1413",Jun 2009
"1414",Sep 2009
"1415",Jun 2008
"1416",May 2009
"1417",Apr 2010
"1418",May 2009
"1419",Aug 2008
"1420",Dec 2006
"1421",May 2006
"1422",Jul 2010
"1423",Mar 2008
"1424",Aug 2006
"1425",Jun 2007
"1426",Oct 2008
"1427",Aug 2008
"1428",Apr 2008
"1429",Feb 2010
"1430",Apr 2007
"1431",Jul 2006
"1432",Oct 2009
"1433",Aug 2007
"1434",May 2008
"1435",May 2006
"1436",Jul 2008
"1437",May 2007
"1438",Nov 2008
"1439",Apr 2010
"1440",Nov 2007
"1441",Sep 2008
"1442",May 2008
"1443",Apr 2009
"1444",May 2009
"1445",Nov 2007
"1446",May 2007
"1447",Apr 2010
"1448",Dec 2007
"1449",May 2007
"1450",Aug 2006
"1451",Sep 2009
"1452",May 2009
"1453",May 2006
"1454",Jul 2006
"1455",Oct 2009
"1456",Aug 2007
"1457",Feb 2010
"1458",May 2010
"1459",Apr 2010
"1460",Jun 2008
